{
    "Damian Lillard": {
        "MIN": 35.43117776969675,
        "FGM": 7.088015909726703,
        "FGA": 17.151539068666143,
        "FG3M": 3.36192542637684,
        "FG3A": 8.542698605942702,
        "REB": 3.5013015278392885,
        "AST": 7.659051087486231,
        "STL": 0.9187111532059771,
        "BLK": 0.13374902669199867,
        "PF": 1.61635011029435,
        "PTS": 27.94077503307053,
        "FTA": 7.908815844869858,
        "FTM": 7.297405354697618,
        "FG_PCT": 0.42048030868444375,
        "FG3_PCT": 0.3595333785770551,
        "FT_PCT": 0.8318315694073549
    },
    "Malik Beasley": {
        "MIN": 28.440519066340418,
        "FGM": 4.78746027749937,
        "FGA": 10.628454033827087,
        "FG3M": 3.354812745545061,
        "FG3A": 7.427725025571576,
        "REB": 3.955870452103676,
        "AST": 1.5500515354039057,
        "STL": 1.0382140804261275,
        "BLK": 0.09653864998303999,
        "PF": 1.6413319972250058,
        "PTS": 13.992325692716015,
        "FTA": 0.8457422574123175,
        "FTM": 0.5106308289706342,
        "FG_PCT": 0.46504315699540494,
        "FG3_PCT": 0.4352813407293757,
        "FT_PCT": 0.27523080810476835
    },
    "Khris Middleton": {
        "MIN": 20.62133033639377,
        "FGM": 4.135307950006442,
        "FGA": 9.09984152139461,
        "FG3M": 1.0935364903017877,
        "FG3A": 3.7056944091610813,
        "REB": 3.57812023295389,
        "AST": 4.406905644424599,
        "STL": 0.781824885660268,
        "BLK": -0.0017103908642748522,
        "PF": 1.810321171451777,
        "PTS": 12.474051999686736,
        "FTA": 1.0036656527627115,
        "FTM": 1.5822990267749604,
        "FG_PCT": 0.42331556473113174,
        "FG3_PCT": 0.2648105114874541,
        "FT_PCT": 0.49405694960311053
    },
    "Giannis Antetokounmpo": {
        "MIN": 34.83920080051568,
        "FGM": 11.75060719006954,
        "FGA": 19.619110547944956,
        "FG3M": 0.6041723189640786,
        "FG3A": 1.9094149828094693,
        "REB": 10.991342664242703,
        "AST": 5.515702770793257,
        "STL": 1.3108569986220824,
        "BLK": 1.2858870024467781,
        "PF": 3.2968152589225066,
        "PTS": 34.04643952407713,
        "FTA": 10.853679369825407,
        "FTM": 6.773074851717209,
        "FG_PCT": 0.5507171759731923,
        "FG3_PCT": 0.18882100345485853,
        "FT_PCT": 0.6570356013744411
    },
    "Brook Lopez": {
        "MIN": 29.798393164909307,
        "FGM": 4.982705327603751,
        "FGA": 9.554494735103528,
        "FG3M": 2.116243832958322,
        "FG3A": 5.693227761983181,
        "REB": 5.297331059588561,
        "AST": 1.706080975299698,
        "STL": 0.9345884345974333,
        "BLK": 2.7515013829055204,
        "PF": 1.8596658686765544,
        "PTS": 14.467570824864866,
        "FTA": 1.080827220125909,
        "FTM": 0.9807034499005568,
        "FG_PCT": 0.4678518961181693,
        "FG3_PCT": 0.3573583614969781,
        "FT_PCT": 0.40051781440118284
    },
    "Tyrese Haliburton": {
        "MIN": 33.93420205593164,
        "FGM": 8.43450689527846,
        "FGA": 17.104525300434112,
        "FG3M": 3.3935802558488786,
        "FG3A": 9.292396366614863,
        "REB": 4.065816084344354,
        "AST": 12.846551674487362,
        "STL": 1.19400085793299,
        "BLK": 0.4270429358535085,
        "PF": 0.8833740955450072,
        "PTS": 29.376043216398134,
        "FTA": 3.7123612082964765,
        "FTM": 3.4366922306916305,
        "FG_PCT": 0.4906504533663378,
        "FG3_PCT": 0.36666764072812286,
        "FT_PCT": 0.7822494594326173
    },
    "Buddy Hield": {
        "MIN": 28.93995905500815,
        "FGM": 5.694930734010585,
        "FGA": 12.97585720611537,
        "FG3M": 3.6603867504848595,
        "FG3A": 8.752678783634472,
        "REB": 3.6183134018506453,
        "AST": 2.9355012276148003,
        "STL": 0.8631401090668882,
        "BLK": 0.47430590308947074,
        "PF": 2.190879818431943,
        "PTS": 15.352887573046226,
        "FTA": 0.9075824477600563,
        "FTM": 0.7422337417767919,
        "FG_PCT": 0.4332042387424105,
        "FG3_PCT": 0.39544800266195146,
        "FT_PCT": 0.3080202042604335
    },
    "Bruce Brown": {
        "MIN": 30.460054087281947,
        "FGM": 4.55582010098152,
        "FGA": 9.027244587803397,
        "FG3M": 1.5851367523081759,
        "FG3A": 3.611412294404117,
        "REB": 3.851041552427323,
        "AST": 3.3450143981440643,
        "STL": 0.9006043760123293,
        "BLK": 0.44338516469514233,
        "PF": 2.502880923832091,
        "PTS": 13.125837258446596,
        "FTA": 1.1232794002872357,
        "FTM": 0.7602811205882652,
        "FG_PCT": 0.47355287407204594,
        "FG3_PCT": 0.3360664280159583,
        "FT_PCT": 0.44093943830699106
    },
    "Obi Toppin": {
        "MIN": 22.675162667295364,
        "FGM": 3.9217897952607577,
        "FGA": 6.9230446330157225,
        "FG3M": 0.9711448717620887,
        "FG3A": 3.0478322251080376,
        "REB": 3.683182385196096,
        "AST": 1.375940501335012,
        "STL": 0.6028153986473697,
        "BLK": 0.42667633903096047,
        "PF": 1.267305121916404,
        "PTS": 13.39711376393396,
        "FTA": 1.231397547258438,
        "FTM": 0.9576166859606113,
        "FG_PCT": 0.5231155083754158,
        "FG3_PCT": 0.3594837598549686,
        "FT_PCT": 0.4427565080830498
    },
    "Myles Turner": {
        "MIN": 27.860165328575675,
        "FGM": 5.454844299368135,
        "FGA": 11.687951653512856,
        "FG3M": 1.7781952362725544,
        "FG3A": 4.283109792720815,
        "REB": 8.504696799601572,
        "AST": 1.5871383461324977,
        "STL": 0.5354917454232236,
        "BLK": 2.6033859001688557,
        "PF": 3.4273977170719405,
        "PTS": 18.622546287886024,
        "FTA": 3.869639836454801,
        "FTM": 3.2659900958286032,
        "FG_PCT": 0.5260471536767618,
        "FG3_PCT": 0.43546605643130865,
        "FT_PCT": 0.6517772555218392
    },
    "D'Angelo Russell": {
        "MIN": 31.06171911692763,
        "FGM": 6.150100566590858,
        "FGA": 13.343560764792294,
        "FG3M": 1.776896741895403,
        "FG3A": 5.554138117915533,
        "REB": 3.686451329825595,
        "AST": 7.065290578619723,
        "STL": 1.1721861730503718,
        "BLK": 0.7725390139856363,
        "PF": 2.1780279465689985,
        "PTS": 18.143497684777316,
        "FTA": 2.4376606915792953,
        "FTM": 2.3668230245779043,
        "FG_PCT": 0.4626652511767809,
        "FG3_PCT": 0.3761079078395337,
        "FT_PCT": 0.5665547389992025
    },
    "Cam Reddish": {
        "MIN": 22.960959869108756,
        "FGM": 2.475365833719377,
        "FGA": 5.8097026044460325,
        "FG3M": 0.7877584732261147,
        "FG3A": 2.8925233465056235,
        "REB": 2.1931925254215567,
        "AST": 1.1391456334072876,
        "STL": 1.8064166840322469,
        "BLK": 0.3454783852511126,
        "PF": 1.4878996960149518,
        "PTS": -1,
        "FTA": 1.2577711250132193,
        "FTM": 1.0330262766905802,
        "FG_PCT": 0.35582106295774696,
        "FG3_PCT": 0.3102382513349676,
        "FT_PCT": 0.32003737454445536
    },
    "Taurean Prince": {
        "MIN": 27.54981723920347,
        "FGM": 2.2901769221296324,
        "FGA": 6.231873056914161,
        "FG3M": 1.7895523926702341,
        "FG3A": 4.251710689594043,
        "REB": 2.315440154118972,
        "AST": 1.4681031922699133,
        "STL": 0.6572195405291725,
        "BLK": 0.4839359833148294,
        "PF": 2.364500163668096,
        "PTS": 8.987722853074237,
        "FTA": 0.5265761978055871,
        "FTM": 0.3264321639420188,
        "FG_PCT": 0.43084724751482756,
        "FG3_PCT": 0.32485916674101173,
        "FT_PCT": 0.27523539411672937
    },
    "CJ McCollum": {
        "MIN": 33.99929092085689,
        "FGM": 7.440058926178731,
        "FGA": 17.334869162785196,
        "FG3M": 2.9367163652374964,
        "FG3A": 7.238606820426878,
        "REB": 4.329174095238791,